{
  "XGBoost": {
    "f1": {
      "mean": 0.7350448318312589,
      "std": 0.04753151714799783,
      "values": [
        0.7474747474747475,
        0.7676767676767676,
        0.7422680412371134,
        0.7578947368421053,
        0.7526881720430108,
        0.7924528301886793,
        0.7346938775510204,
        0.6730769230769231,
        0.76,
        0.6222222222222222
      ]
    }
  },
  "LightGBM": {
    "f1": {
      "mean": 0.7318732121750553,
      "std": 0.027403239891165537,
      "values": [
        0.7735849056603774,
        0.7387387387387387,
        0.7184466019417476,
        0.7378640776699029,
        0.7291666666666666,
        0.7413793103448276,
        0.7428571428571429,
        0.6857142857142857,
        0.7647058823529411,
        0.6862745098039216
      ]
    }
  },
  "CatBoost": {
    "f1": {
      "mean": 0.7248761306587878,
      "std": 0.05579481708758513,
      "values": [
        0.7032967032967034,
        0.7555555555555555,
        0.7692307692307693,
        0.7333333333333333,
        0.7674418604651163,
        0.7835051546391752,
        0.7608695652173914,
        0.6236559139784946,
        0.7311827956989247,
        0.6206896551724138
      ]
    }
  },
  "GradientBoosting": {
    "f1": {
      "mean": 0.7132562962939908,
      "std": 0.0554383754533666,
      "values": [
        0.6938775510204082,
        0.673469387755102,
        0.6595744680851063,
        0.7216494845360825,
        0.7741935483870968,
        0.7889908256880734,
        0.7450980392156863,
        0.7058823529411765,
        0.7676767676767676,
        0.6021505376344086
      ]
    }
  },
  "RandomForest": {
    "f1": {
      "mean": 0.5859903497356739,
      "std": 0.053143526456435684,
      "values": [
        0.5569620253164557,
        0.5783132530120482,
        0.5569620253164557,
        0.5714285714285714,
        0.6233766233766234,
        0.7126436781609196,
        0.5128205128205128,
        0.6304347826086957,
        0.56,
        0.5569620253164557
      ]
    }
  },
  "WeightedEnsemble": {
    "f1": {
      "mean": 0.7689347499492769,
      "std": 0.03338418980065415,
      "values": [
        0.7884615384615384,
        0.8,
        0.74,
        0.7789473684210526,
        0.7777777777777778,
        0.8118811881188119,
        0.7692307692307693,
        0.7321428571428571,
        0.7927927927927928,
        0.6981132075471698
      ]
    },
    "f1_fixed_threshold": {
      "mean": 0.7345016556956834,
      "std": 0.052032995074876874,
      "values": [
        0.76,
        0.7916666666666666,
        0.7272727272727273,
        0.7551020408163265,
        0.7608695652173914,
        0.7850467289719626,
        0.7551020408163265,
        0.6796116504854369,
        0.7216494845360825,
        0.6086956521739131
      ]
    },
    "precision": {
      "mean": 0.7368421052631579
    },
    "recall": {
      "mean": 0.7470355731225297
    },
    "mcc": {
      "mean": 0.7150917921031419
    },
    "roc_auc": {
      "mean": 0.9587039538587521
    },
    "average_precision": {
      "mean": 0.8113691213189642
    },
    "_weights": {
      "XGBoost": 0.2820714985324238,
      "LightGBM": 0.39643381174409237,
      "CatBoost": 0.3203366237864651,
      "GradientBoosting": 0.0008508865415361879,
      "RandomForest": 0.0003071793954824822
    },
    "_threshold": 0.44400083668950435
  },
  "_friedman": {
    "statistic": 18.72,
    "p_value": 0.0008919970227012864,
    "note": "base models only, ensemble excluded"
  },
  "_wilcoxon": {
    "best_model": "WeightedEnsemble",
    "corrected_pvalues": {
      "LightGBM": 0.009765625,
      "GradientBoosting": 0.009765625,
      "RandomForest": 0.009765625,
      "XGBoost": 0.009765625,
      "CatBoost": 0.013671875
    }
  },
  "_effect_sizes": {
    "method": "cohens_d",
    "values": {
      "XGBoost": 1.6514698912461934,
      "LightGBM": 1.979656679202879,
      "CatBoost": 1.126624650071365,
      "GradientBoosting": 1.4208956096228706,
      "RandomForest": 3.426132509845921
    }
  },
  "_bootstrap_ci_fixed": {
    "method": "fixed_threshold",
    "threshold": 0.44400083668950435,
    "metrics": {
      "f1": {
        "mean": 0.7415568818186938,
        "ci_lower": 0.7117776599564154,
        "ci_upper": 0.7715179721180224
      },
      "precision": {
        "mean": 0.7368739391294022,
        "ci_lower": 0.698496631345543,
        "ci_upper": 0.7749510763209393
      },
      "recall": {
        "mean": 0.7466772330647898,
        "ci_lower": 0.7093586798321966,
        "ci_upper": 0.7838901884719124
      },
      "mcc": {
        "mean": 0.7148317700373342,
        "ci_lower": 0.6817935988216172,
        "ci_upper": 0.7473955933323708
      },
      "roc_auc": {
        "mean": 0.9586069672695495,
        "ci_lower": 0.947674517889383,
        "ci_upper": 0.9686403627322275
      },
      "pr_auc": {
        "mean": 0.8114573625608946,
        "ci_lower": 0.7801374647161177,
        "ci_upper": 0.8405591143293121
      }
    }
  },
  "_bootstrap_ci_rethresh": {
    "method": "re_threshold_per_sample",
    "metrics": {
      "f1": {
        "mean": 0.7448097437276957,
        "ci_lower": 0.7152964990269651,
        "ci_upper": 0.7739435085165943
      },
      "precision": {
        "mean": 0.739820723099902,
        "ci_lower": 0.6836459981612243,
        "ci_upper": 0.7975460122699386
      },
      "recall": {
        "mean": 0.751410286051715,
        "ci_lower": 0.6912043726460905,
        "ci_upper": 0.8061229386188257
      },
      "mcc": {
        "mean": 0.7187230228604063,
        "ci_lower": 0.6865807840348584,
        "ci_upper": 0.7506304887447011
      }
    }
  }
}