{
  "tuned_params": {
    "XGBoost": {
      "n_estimators": 1170,
      "max_depth": 4,
      "learning_rate": 0.00905964388014702,
      "subsample": 0.8518981258315188,
      "colsample_bytree": 0.8001485849247003,
      "reg_alpha": 0.055352536121744025,
      "reg_lambda": 0.05949972547904027,
      "min_child_weight": 1,
      "gamma": 4.263641858538205e-06,
      "scale_pos_weight": 0.6268567747572766
    },
    "LightGBM": {
      "n_estimators": 723,
      "max_depth": 9,
      "learning_rate": 0.03414156379583826,
      "num_leaves": 116,
      "min_child_samples": 40,
      "subsample": 0.9582524521890712,
      "colsample_bytree": 0.6111008254572483,
      "reg_alpha": 0.8082353672888312,
      "reg_lambda": 0.0006611001482649519,
      "balance": "is_unbalance",
      "boosting_type": "gbdt"
    },
    "CatBoost": {
      "iterations": 1097,
      "depth": 5,
      "learning_rate": 0.016270876652691037,
      "l2_leaf_reg": 29.43311709352882,
      "random_strength": 2.0315648829330293,
      "bagging_temperature": 0.9543197541403883,
      "border_count": 82,
      "auto_class_weights": "None"
    },
    "GradientBoosting": {
      "n_estimators": 828,
      "max_depth": 4,
      "learning_rate": 0.00452133073914088,
      "subsample": 0.8421165132560784,
      "max_features": 0.4961372443656412,
      "min_samples_split": 6,
      "min_samples_leaf": 13
    },
    "RandomForest": {
      "n_estimators": 221,
      "max_depth": 17,
      "min_samples_split": 5,
      "min_samples_leaf": 14,
      "max_features": 0.7,
      "class_weight": "balanced_subsample"
    },
    "ExtraTrees": {
      "n_estimators": 414,
      "max_depth": 22,
      "min_samples_split": 12,
      "min_samples_leaf": 5,
      "max_features": 0.5,
      "class_weight": "balanced_subsample"
    }
  },
  "tuning_aucpr": {
    "XGBoost": 0.8094402468525924,
    "LightGBM": 0.814818934390731,
    "CatBoost": 0.8140246518305622,
    "GradientBoosting": 0.8048327916828434,
    "RandomForest": 0.7772044304630145,
    "ExtraTrees": 0.7629554801409781
  },
  "individual_f1": {
    "XGBoost": {
      "mean": 0.696060218287629,
      "std": 0.05557049451546499,
      "values": [
        0.7032967032967034,
        0.75,
        0.6506024096385542,
        0.6818181818181818,
        0.7441860465116279,
        0.7789473684210526,
        0.7294117647058823,
        0.6153846153846154,
        0.7045454545454546,
        0.6024096385542169
      ]
    },
    "LightGBM": {
      "mean": 0.7428913641440956,
      "std": 0.03660944032678628,
      "values": [
        0.7647058823529411,
        0.7722772277227723,
        0.6938775510204082,
        0.7422680412371134,
        0.7608695652173914,
        0.7818181818181819,
        0.7676767676767676,
        0.6862745098039216,
        0.7722772277227723,
        0.6868686868686869
      ]
    },
    "CatBoost": {
      "mean": 0.722801184064461,
      "std": 0.050082386844579406,
      "values": [
        0.6808510638297872,
        0.7555555555555555,
        0.7608695652173914,
        0.7191011235955056,
        0.7415730337078652,
        0.7835051546391752,
        0.7692307692307693,
        0.6597938144329897,
        0.7368421052631579,
        0.6206896551724138
      ]
    },
    "GradientBoosting": {
      "mean": 0.7287422014452939,
      "std": 0.05643391123868667,
      "values": [
        0.7157894736842105,
        0.7608695652173914,
        0.7311827956989247,
        0.7608695652173914,
        0.75,
        0.8080808080808081,
        0.7692307692307693,
        0.631578947368421,
        0.7391304347826086,
        0.6206896551724138
      ]
    },
    "RandomForest": {
      "mean": 0.6988754834059387,
      "std": 0.021573487010552433,
      "values": [
        0.7272727272727273,
        0.7317073170731707,
        0.6788990825688074,
        0.6837606837606838,
        0.7102803738317757,
        0.703125,
        0.6942148760330579,
        0.6833333333333333,
        0.7154471544715447,
        0.6607142857142857
      ]
    },
    "ExtraTrees": {
      "mean": 0.6877824515062485,
      "std": 0.027628903715105724,
      "values": [
        0.7478260869565218,
        0.6666666666666666,
        0.6909090909090909,
        0.6666666666666666,
        0.6796116504854369,
        0.6949152542372882,
        0.6842105263157895,
        0.6666666666666666,
        0.7258064516129032,
        0.6545454545454545
      ]
    }
  },
  "ensemble": {
    "f1_mean": 0.7468203079215394,
    "f1_std": 0.03202119465095461,
    "f1_values": [
      0.7647058823529411,
      0.780952380952381,
      0.74,
      0.7676767676767676,
      0.7446808510638298,
      0.7747747747747747,
      0.7524752475247525,
      0.7047619047619048,
      0.7647058823529411,
      0.673469387755102
    ],
    "aucpr": 0.8164545210023223,
    "auc_roc": 0.9593181173390761,
    "threshold": 0.3707833524089385,
    "weights": {
      "XGBoost": 0.28481150602147703,
      "LightGBM": 0.30078936566770836,
      "CatBoost": 0.2867316760804299,
      "GradientBoosting": 0.1206119010317674,
      "RandomForest": 0.006941138883495336,
      "ExtraTrees": 0.00011441231512192732
    },
    "bootstrap_ci": {
      "mean": 0.7492871132767029,
      "lower": 0.7194511077291632,
      "upper": 0.7771586813652746
    }
  }
}