{
  "XGBoost": {
    "f1": {
      "mean": 0.7350448318312589,
      "std": 0.04753151714799783,
      "values": [
        0.7474747474747475,
        0.7676767676767676,
        0.7422680412371134,
        0.7578947368421053,
        0.7526881720430108,
        0.7924528301886793,
        0.7346938775510204,
        0.6730769230769231,
        0.76,
        0.6222222222222222
      ]
    },
    "_label": "XGBoost"
  },
  "LightGBM": {
    "f1": {
      "mean": 0.7241014916928213,
      "std": 0.030708275194383506,
      "values": [
        0.7428571428571429,
        0.7407407407407407,
        0.7115384615384616,
        0.7378640776699029,
        0.7142857142857143,
        0.7521367521367521,
        0.7037037037037037,
        0.7155963302752294,
        0.7692307692307693,
        0.6530612244897959
      ]
    },
    "_label": "LightGBM"
  },
  "CatBoost": {
    "f1": {
      "mean": 0.7256708945671562,
      "std": 0.05593541883618667,
      "values": [
        0.7032967032967034,
        0.7555555555555555,
        0.7692307692307693,
        0.7333333333333333,
        0.7674418604651163,
        0.7835051546391752,
        0.7608695652173914,
        0.6236559139784946,
        0.7391304347826086,
        0.6206896551724138
      ]
    },
    "_label": "CatBoost"
  },
  "GradientBoosting": {
    "f1": {
      "mean": 0.7155292865547322,
      "std": 0.05653844053393851,
      "values": [
        0.6956521739130435,
        0.7333333333333333,
        0.6593406593406593,
        0.7578947368421053,
        0.7555555555555555,
        0.7959183673469388,
        0.7608695652173914,
        0.6458333333333334,
        0.7391304347826086,
        0.611764705882353
      ]
    },
    "_label": "GradientBoosting"
  },
  "RandomForest": {
    "f1": {
      "mean": 0.5874630005070623,
      "std": 0.05454039753783318,
      "values": [
        0.5569620253164557,
        0.5783132530120482,
        0.5569620253164557,
        0.5714285714285714,
        0.6233766233766234,
        0.7126436781609196,
        0.5128205128205128,
        0.6451612903225806,
        0.56,
        0.5569620253164557
      ]
    },
    "_label": "RandomForest"
  },
  "XGBoost_focal": {
    "f1": {
      "mean": 0.7192679820692583,
      "std": 0.05725445566364837,
      "values": [
        0.7096774193548387,
        0.782608695652174,
        0.6666666666666666,
        0.7415730337078652,
        0.7954545454545454,
        0.7916666666666666,
        0.7415730337078652,
        0.6304347826086957,
        0.6808510638297872,
        0.6521739130434783
      ]
    },
    "_label": "XGBoost_focal"
  },
  "WeightedEnsemble": {
    "f1": {
      "mean": 0.7384352006654065,
      "std": 0.045302646674699194,
      "values": [
        0.7474747474747475,
        0.7835051546391752,
        0.7272727272727273,
        0.7628865979381443,
        0.7692307692307693,
        0.7850467289719626,
        0.7551020408163265,
        0.6732673267326733,
        0.7422680412371134,
        0.6382978723404256
      ]
    },
    "precision": {
      "mean": 0.7637130801687764
    },
    "recall": {
      "mean": 0.7154150197628458
    },
    "mcc": {
      "mean": 0.7132495511556656
    },
    "roc_auc": {
      "mean": 0.9584815009446188
    },
    "average_precision": {
      "mean": 0.8122781409399809
    },
    "_label": "Weighted Ensemble (leakage-free)",
    "_weights": {
      "XGBoost": 0.20071365508114117,
      "LightGBM": 0.44584872031089,
      "CatBoost": 0.1859084289488373,
      "GradientBoosting": 0.16578619805699285,
      "RandomForest": 0.00010867325589750525,
      "XGBoost_focal": 0.0016343243462410176
    },
    "_threshold": 0.5029933767420061
  },
  "_friedman": {
    "statistic": 25.370503597122333,
    "p_value": 0.0002915099918552356
  },
  "_wilcoxon": {
    "best_model": "WeightedEnsemble",
    "corrected_pvalues": {
      "RandomForest": 0.01171875,
      "GradientBoosting": 0.185546875,
      "CatBoost": 0.5234375,
      "XGBoost_focal": 0.5234375,
      "LightGBM": 0.5234375,
      "XGBoost": 0.5234375
    }
  },
  "_bootstrap_ci": {
    "model": "WeightedEnsemble",
    "metrics": {
      "f1": {
        "mean": 0.7415944779933048,
        "ci_lower": 0.7122711789913196,
        "ci_upper": 0.7700237518771645
      },
      "precision": {
        "mean": 0.7507559194597427,
        "ci_lower": 0.6639986949429038,
        "ci_upper": 0.8114035087719298
      },
      "recall": {
        "mean": 0.7358778414955793,
        "ci_lower": 0.6775426246447946,
        "ci_upper": 0.815357193081142
      },
      "mcc": {
        "mean": 0.7162162586409261,
        "ci_lower": 0.6844361776196483,
        "ci_upper": 0.7480818248932743
      },
      "roc_auc": {
        "mean": 0.9583806908645073,
        "ci_lower": 0.9476677657446907,
        "ci_upper": 0.968552486984682
      },
      "pr_auc": {
        "mean": 0.8123569978078686,
        "ci_lower": 0.7810338172692377,
        "ci_upper": 0.8414116321208313
      }
    }
  },
  "_threshold_optimization": {
    "optimal_threshold": 0.5029933767420061,
    "optimal_f1": 0.7387755102040816,
    "optimal_precision": 0.7637130801687764,
    "optimal_recall": 0.7154150197628458
  }
}